test,k,n,rate,wilson_lo,wilson_hi,rule_of_three,cluster_lo,cluster_hi,n_brands,passed,estimate,lo,hi,spearman,observed_agreement,plugin_sigma_p2,verdict,permutation_baseline,p_perm,contrast,guess_baseline_1_over_k
H_pos,279.0,279.0,1.0,0.9864183318926757,1.0,,1.0,1.0,12.0,True,,,,,,,,,,,
H_pos_observation_level,704.0,1807.0,0.38959601549529604,0.36736827475249406,0.4122921709168646,,0.33137528293478136,0.45199046811240917,12.0,,,,,,,,,,,,
H_pos_observation_level_own_domain,704.0,712.0,0.9887640449438202,0.9779865251015918,0.9942958028130533,,0.9781337824705172,1.0,12.0,,,,,,,,,,,,
H_pla,,,,,,,,,,True,0.004354842173105748,-0.0024831679251237286,0.013483076525568505,0.11783340415002601,,,,,,,
H1_any_site_A_p1,144.0,144.0,1.0,0.9740163628569634,1.0000000000000002,,1.0,1.0,12.0,,,,,,,,,,,,
H1_brand_site_A_p1,144.0,144.0,1.0,0.9740163628569634,1.0000000000000002,,1.0,1.0,12.0,,,,,,,,,,,,
H1_any_site_B_p1,144.0,144.0,1.0,0.9740163628569634,1.0000000000000002,,1.0,1.0,12.0,,,,,,,,,,,,
H1_brand_site_B_p1,144.0,144.0,1.0,0.9740163628569634,1.0000000000000002,,1.0,1.0,12.0,,,,,,,,,,,,
H1_any_site_C_p1,144.0,144.0,1.0,0.9740163628569634,1.0000000000000002,,1.0,1.0,12.0,,,,,,,,,,,,
H1_brand_site_C_p1,144.0,144.0,1.0,0.9740163628569634,1.0000000000000002,,1.0,1.0,12.0,,,,,,,,,,,,
H1_any_site_D_p1,144.0,144.0,1.0,0.9740163628569634,1.0000000000000002,,1.0,1.0,12.0,,,,,,,,,,,,
H1_brand_site_D_p1,144.0,144.0,1.0,0.9740163628569634,1.0000000000000002,,1.0,1.0,12.0,,,,,,,,,,,,
H1_any_site_A_p2,140.0,144.0,0.9722222222222222,0.9307584606546526,0.9891458820435903,,0.9305555555555556,1.0,12.0,,,,,,,,,,,,
H1_brand_site_A_p2,135.0,144.0,0.9375,0.8854909659335584,0.9667733515662844,,0.875,0.9861111111111112,12.0,,,,,,,,,,,,
H1_any_site_B_p2,144.0,144.0,1.0,0.9740163628569634,1.0000000000000002,,1.0,1.0,12.0,,,,,,,,,,,,
H1_brand_site_B_p2,142.0,144.0,0.9861111111111112,0.9507774874404714,0.9961828653371317,,0.9583333333333334,1.0,12.0,,,,,,,,,,,,
H1_any_site_C_p2,137.0,144.0,0.9513888888888888,0.9030643158343583,0.9762560117448444,,0.8611111111111112,1.0,12.0,,,,,,,,,,,,
H1_brand_site_C_p2,127.0,144.0,0.8819444444444444,0.8190685791541631,0.9249716980282393,,0.7430555555555556,0.9791666666666666,12.0,,,,,,,,,,,,
H1_any_site_D_p2,143.0,144.0,0.9930555555555556,0.961715276424343,0.9987730813929404,,0.9791666666666666,1.0,12.0,,,,,,,,,,,,
H1_brand_site_D_p2,137.0,144.0,0.9513888888888888,0.9030643158343583,0.9762560117448444,,0.8888888888888888,0.9930555555555556,12.0,,,,,,,,,,,,
H1_overall_emitted_site_query,1140.0,1152.0,0.9895833333333334,0.9818810877942052,0.9940313017396494,,0.9774305555555556,0.9982638888888888,48.0,,,,,,,,,,,,
H1_overall_emitted_brand_site_query,1117.0,1152.0,0.9696180555555556,0.9580401295027232,0.9780744143586515,,0.9496527777777778,0.9861111111111112,48.0,,,,,,,,,,,,
H2_observation level,,109.0,,,,,,,8.0,,,,,,0.4225621414913958,0.4317427014930108,NOT IDENTIFIABLE as pre-registered — see note,,,,
H2_exploratory_brand_specificity_observation level,,109.0,,,,,,,8.0,,0.2348374760994264,,,,0.4225621414913958,,,0.18772466539196941,0.0001999600079984003,,
H3_stale_old_domain,,101.0,,,,,,,5.0,,0.8125,0.7647058823529411,1.0,,,,,,,C - B,
H3_morphological_guess,,101.0,,,,,,,5.0,,0.4,0.0,1.0,,,,,,,B - C,
H4_correct_given_wrong [all brands],16.0,18.0,0.8888888888888888,0.672002348698212,0.9689804773543876,,0.6842105263157895,1.0,11.0,,,,,,,,,,,,
H4_correct_given_correct [all brands],810.0,826.0,0.9806295399515739,0.9687671038010269,0.9880421656808459,,0.9687462258454106,0.9905442927873679,48.0,,,,,,,,,,,,
H4_gap [all brands],,844.0,,,,,,,48.0,,0.09174065106268503,-0.02466167359303405,0.2962097895449846,,,,,,,correct - wrong,
H4_correct_given_wrong [brands that erred at least once (composition-matched)],16.0,18.0,0.8888888888888888,0.672002348698212,0.9689804773543876,,0.6842105263157895,1.0,11.0,,,,,,,,,,,,
H4_correct_given_correct [brands that erred at least once (composition-matched)],162.0,178.0,0.9101123595505618,0.858983588710649,0.9439136215672568,,0.8869047619047619,0.9297297297297298,11.0,,,,,,,,,,,,
H4_gap [brands that erred at least once (composition-matched)],,196.0,,,,,,,11.0,,0.02122347066167296,-0.10169491525423724,0.2090909090909091,,,,,,,correct - wrong,
H4_domain_agreement_commitment_within_day_all,1.0,1.0,1.0,0.2065493143772374,1.0,,,,,,,,,,,,,,,,0.5
H4_domain_agreement_commitment_within_day_id,1.0,1.0,1.0,0.2065493143772374,1.0,,,,,,,,,,,,,,,,0.5
H4_domain_agreement_commitment_across_day_all,,0.0,,,,,,,,,,,,,,,not estimable,,,,
H4_domain_agreement_commitment_across_day_id,,0.0,,,,,,,,,,,,,,,not estimable,,,,
H4_domain_agreement_any_within_day_all,5.0,7.0,0.7142857142857143,0.3589344518326191,0.9177810759959432,,0.5,1.0,2.0,,,,,,,,,,,,0.7142857142857143
H4_domain_agreement_any_within_day_id,2.0,4.0,0.5,0.15003898915214947,0.8499610108478506,,,,,,,,,,,,,,,,0.5
H4_domain_agreement_any_across_day_all,8.0,12.0,0.6666666666666666,0.3906220888727995,0.8618799089087869,,0.5555555555555556,1.0,2.0,,,,,,,,,,,,0.625
H4_domain_agreement_any_across_day_id,5.0,9.0,0.5555555555555556,0.26665129349549305,0.8112214789023355,,,,,,,,,,,,,,,,0.5
H4_within_day_same_label,276.0,286.0,0.965034965034965,0.9368443213844171,0.9808987823188964,,0.9305555555555556,0.993006993006993,48.0,,,,,,,,,,,,
H4_within_day_same_domain,275.0,286.0,0.9615384615384616,0.932452529474821,0.9783902501404979,,0.926056338028169,0.993006993006993,48.0,,,,,,,,,,,,
H2_posthoc_frozen,,,,,,,,,2.0,,,,,,,,INCONCLUSIVE — too few brands,,,,
H5_A,279.0,279.0,1.0,0.9864183318926757,1.0,,1.0,1.0,12.0,,,,,,,,,,,,
H5_B,282.0,286.0,0.986013986013986,0.9645970203644948,0.9945480278667879,,0.9612676056338029,1.0,12.0,,,,,,,,,,,,
H5_C,267.0,271.0,0.985239852398524,0.9626698212099027,0.994245489633286,,0.952191235059761,1.0,12.0,,,,,,,,,,,,
H5_D,281.0,281.0,1.0,0.9865136948932973,0.9999999999999998,,1.0,1.0,12.0,,,,,,,,,,,,
H5_A_vs_B,,565.0,,,,,,,24.0,,0.013986013986013957,0.0,0.03816793893129766,,,,,,,A - B,
H5_A_vs_C,,550.0,,,,,,,24.0,,0.014760147601476037,0.0,0.05195939431747287,,,,,,,A - C,
R_a_any_wrong_A,271.0,279.0,0.9713261648745519,0.9444491818875667,0.9854003567782887,,0.9401355571592096,1.0,12.0,,,,,,,,,,,,
R_a_any_wrong_B,282.0,286.0,0.986013986013986,0.9645970203644948,0.9945480278667879,,0.9612676056338029,1.0,12.0,,,,,,,,,,,,
R_a_any_wrong_C,243.0,271.0,0.8966789667896679,0.8547251030616257,0.9275440673995362,,0.7171259813686431,1.0,12.0,,,,,,,,,,,,
R_a_any_wrong_D,281.0,281.0,1.0,0.9865136948932973,0.9999999999999998,,1.0,1.0,12.0,,,,,,,,,,,,
R_b_core_only_A,234.0,234.0,1.0,0.9838486576741436,1.0000000000000002,,1.0,1.0,12.0,,,,,,,,,,,,
R_b_core_only_B,235.0,238.0,0.9873949579831933,0.9636020973805965,0.995704057698501,,0.9666666666666667,1.0,12.0,,,,,,,,,,,,
R_b_core_only_C,221.0,224.0,0.9866071428571429,0.9613707167571758,0.9954349547319666,,0.9563106796116505,1.0,12.0,,,,,,,,,,,,
R_b_core_only_D,233.0,233.0,1.0,0.9837804629315244,1.0000000000000002,,1.0,1.0,12.0,,,,,,,,,,,,
R_c_stale_ok_A,279.0,279.0,1.0,0.9864183318926757,1.0,,1.0,1.0,12.0,,,,,,,,,,,,
R_c_stale_ok_B,282.0,286.0,0.986013986013986,0.9645970203644948,0.9945480278667879,,0.9612676056338029,1.0,12.0,,,,,,,,,,,,
R_c_stale_ok_C,267.0,271.0,0.985239852398524,0.9626698212099027,0.994245489633286,,0.952191235059761,1.0,12.0,,,,,,,,,,,,
R_c_stale_ok_D,281.0,281.0,1.0,0.9865136948932973,0.9999999999999998,,1.0,1.0,12.0,,,,,,,,,,,,
R_d_observation_A,704.0,1807.0,0.38959601549529604,0.36736827475249406,0.4122921709168646,,0.33137528293478136,0.45199046811240917,12.0,,,,,,,,,,,,
R_d_observation_B,714.0,1976.0,0.36133603238866396,0.3404429281922035,0.38276723211708724,,0.32132322928686197,0.4021068596055646,12.0,,,,,,,,,,,,
R_d_observation_C,627.0,1787.0,0.35086737548964747,0.329081627506969,0.3732929197346436,,0.3149923799799429,0.3912066986669779,12.0,,,,,,,,,,,,
R_d_observation_D,509.0,1547.0,0.3290239172592114,0.30605890157296267,0.352835953867472,,0.29637070559465584,0.3638910348556083,12.0,,,,,,,,,,,,
R_e_first_any_A,268.0,284.0,0.9436619718309859,0.9104541222456632,0.965027821990101,,0.8964285714285715,0.9791666666666666,12.0,,,,,,,,,,,,
R_e_first_any_B,276.0,288.0,0.9583333333333334,0.928593923041792,0.97600681828811,,0.9270833333333334,0.9861111111111112,12.0,,,,,,,,,,,,
R_e_first_any_C,253.0,281.0,0.900355871886121,0.8597559978064553,0.9301571030867544,,0.8382203711743,0.9574468085106383,12.0,,,,,,,,,,,,
R_e_first_any_D,277.0,287.0,0.9651567944250871,0.9370602093435884,0.9809657181931298,,0.9370574162679426,0.9894375463306153,12.0,,,,,,,,,,,,
R_f_own_property_A,279.0,279.0,1.0,0.9864183318926757,1.0,,1.0,1.0,12.0,,,,,,,,,,,,
R_f_own_property_B,282.0,286.0,0.986013986013986,0.9645970203644948,0.9945480278667879,,0.9612676056338029,1.0,12.0,,,,,,,,,,,,
R_f_own_property_C,271.0,271.0,1.0,0.9860230009068599,0.9999999999999999,,1.0,1.0,12.0,,,,,,,,,,,,
R_f_own_property_D,281.0,281.0,1.0,0.9865136948932973,0.9999999999999998,,1.0,1.0,12.0,,,,,,,,,,,,
R_f_genuinely_wrong_A,0.0,279.0,0.0,8.673617379884035e-19,0.013581668107324394,0.010752688172043012,0.0,0.0,12.0,,,,,,,,,,,,
R_f_genuinely_wrong_B,4.0,286.0,0.013986013986013986,0.005451972133212099,0.03540297963550522,,0.0,0.03873239436619718,12.0,,,,,,,,,,,,
R_f_genuinely_wrong_C,0.0,271.0,0.0,8.673617379884035e-19,0.013976999093140038,0.01107011070110701,0.0,0.0,12.0,,,,,,,,,,,,
R_f_genuinely_wrong_D,0.0,281.0,0.0,0.0,0.013486305106702533,0.010676156583629894,0.0,0.0,12.0,,,,,,,,,,,,
"H2_call level, first commitment",,,,,,,,,2.0,,,,,,,,INCONCLUSIVE — too few brands,,,,
